{
 "FlyCL": {
  "A_t": [
   98.4,
   97.85,
   96.1,
   95.13,
   93.88,
   93.42,
   92.81,
   91.46,
   90.58,
   89.87
  ],
  "accumulated": 93.95,
  "last": 89.87,
  "avg_train_s": 4.34,
  "fresh": {
   "0": 98.4000027179718,
   "1": 98.30000400543213,
   "2": 94.60000395774841,
   "3": 95.70000171661377,
   "4": 93.30000281333923,
   "5": 94.10000443458557,
   "6": 93.60000491142273,
   "7": 89.3000066280365,
   "8": 90.20000696182251,
   "9": 89.60000276565552
  }
 },
 "RanPAC": {
  "A_t": [
   98.3,
   97.85,
   96.17,
   95.23,
   93.86,
   93.13,
   92.67,
   91.41,
   90.58,
   89.76
  ],
  "accumulated": 93.9,
  "last": 89.76
 },
 "NCM": {
  "A_t": [
   92.8,
   91.75,
   88.5,
   87.18,
   84.9,
   84.17,
   83.66,
   81.53,
   80.3,
   79.28
  ],
  "accumulated": 85.41,
  "last": 79.28
 }
}